http://paypal.com,Ensighten,https://nexus.ensighten.com/paypal/prod/serverComponent.php?r=3191.915212664753&ensJson=true&ClientID=1620&PageID=https%3A%2F%2Fwww.paypal.com%2Fbr%2Fhome%3Ftms_country%3Dbr%26ensJson%3Dtrue,309ms
http://target.com,GTM,https://www.googletagmanager.com/gtm.js?id=GTM-NXB348G,79ms
http://homedepot.com,Ensighten,http://nexus.ensighten.com/homedepot/Bootstrap.js,8ms
http://homedepot.com,Ensighten,http://nexus.ensighten.com/homedepot/prod/serverComponent.php?r=1590.8977226354182&ClientID=20&PageID=http%3A%2F%2Fwww.homedepot.com%2F,3ms
http://homedepot.com,Ensighten,http://nexus.ensighten.com/homedepot/prod/code/bfe0fc16b892d46d44c90febfc6f8c00.js?conditionId0=53017,18ms
http://americanexpress.com,Ensighten,https://nexus.ensighten.com/amex/amexhead/Bootstrap.js,16ms
http://americanexpress.com,Ensighten,https://nexus.ensighten.com/amex/amexhead/serverComponent.php?r=6564.712033141404&ClientID=218&PageID=https%3A%2F%2Fwww.americanexpress.com%2F,3ms
http://americanexpress.com,Ensighten,https://nexus.ensighten.com/amex/Bootstrap.js?ens_mk=us,23ms
http://americanexpress.com,Ensighten,https://nexus.ensighten.com/amex/serverComponent.php?clientID=218&PageID=https%3A%2F%2Fwww.americanexpress.com%2F%3FensMarket%3DUS%26ens_env%3D3%26e_pageId%3D7493%26deviceType%3Dsmall,282ms
http://americanexpress.com,Ensighten,https://nexus.ensighten.com/amex/prod/code/39d4676e50ca453223de8b2a1ea521db.js?conditionId0=375400,4ms
http://americanexpress.com,Ensighten,https://nexus.ensighten.com/amex/prod/code/4bf1d44a92bca8ee5eb4b76c3be12c24.js?conditionId0=181208,10ms
http://americanexpress.com,Ensighten,https://nexus.ensighten.com/amex/prod/code/85642c6fa8ce2ee9c3f71cd5bbd02d81.js?conditionId0=381778,10ms
http://americanexpress.com,Ensighten,https://nexus.ensighten.com/amex/prod/code/ff1ab3604124ae49ce7770a905cd06a5.js?conditionId0=181097,11ms
http://hp.com,Ensighten,http://nexus.ensighten.com/hp/hpcom_prod/Bootstrap.js,11ms
http://hp.com,Ensighten,http://nexus.ensighten.com/hp/hpcom_prod/serverComponent.php?r=115.88867916725576&ClientID=217&PageID=http%3A%2F%2Fwww8.hp.com%2Fbr%2Fpt%2Fhome.html,9ms
http://hp.com,Ensighten,http://nexus.ensighten.com/hp/hpcom_prod/code/2a4314076a1845f88db78747e38c4078.js?conditionId0=466823,2ms
http://hp.com,Ensighten,http://nexus.ensighten.com/hp/hpcom_prod/code/6f7c058fed26e966e7bcd2a2f43b58b6.js?conditionId0=433490,4ms
http://hp.com,Ensighten,http://nexus.ensighten.com/hp/hpcom_prod/code/ce3323d5fb75ed9f2d791b1ff8b00d41.js?conditionId0=422765,6ms
http://hp.com,Ensighten,http://nexus.ensighten.com/hp/hpcom_prod/code/dde26dd5e6eb6b014c67328ec38f5041.js?conditionId0=365271,12ms
http://hp.com,GTM,https://www.googletagmanager.com/gtm.js?id=GTM-KP6HK3&l=HPdataLayer,78ms
http://capitalone.com,Ensighten,https://nexus.ensighten.com/capitalone/Bootstrap.js,25ms
http://capitalone.com,Ensighten,https://nexus.ensighten.com/capitalone/serverComponent.php?clientID=581&PageID=https%3A%2F%2Fwww.capitalone.com%2F,32ms
http://capitalone.com,Ensighten,https://nexus.ensighten.com/capitalone/prod/code/63f9f798a7afa0fb46fe529fd51484ef.js?conditionId0=421879,21ms
http://capitalone.com,Ensighten,https://nexus.ensighten.com/capitalone/prod/code/00d5954f6057db2b8dcf573d6eef877f.js?conditionId0=409901,15ms
http://capitalone.com,Ensighten,https://nexus.ensighten.com/capitalone/prod/code/ef713d11667d8751083e554eee6e15f0.js?conditionId0=409901,16ms
http://capitalone.com,Ensighten,https://nexus.ensighten.com/capitalone/prod/code/20c885263c64187a900a53deba78fb10.js?conditionId0=401597,18ms
http://capitalone.com,Ensighten,https://nexus.ensighten.com/capitalone/prod/code/0ad45c29ab4d527330eb12ba97a62a6e.js?conditionId0=246098&conditionId1=411555,69ms
http://capitalone.com,Ensighten,https://nexus.ensighten.com/capitalone/prod/code/17a5bd68ec8d3b8fecf833fd649aa6e8.js?conditionId0=246179,76ms
http://dell.com,Ensighten,http://nexus.ensighten.com/dell/Bootstrap.js,251ms
http://dell.com,Ensighten,http://nexus.ensighten.com/dell/prod/serverComponent.php?r=660102.4372503161&ClientID=123&PageID=http%3A%2F%2Fwww1.la.dell.com%2Fcontent%2Fdefault.aspx%3Fc%3Dbr%26l%3Dpt%26s%3D%26s%3Dgen%26~ck%3Dcr%26language%3Dpt%26country%3Dbr%26segment%3Dgen%26cms%3DStorm%26cset%3D,7ms
http://dell.com,Ensighten,http://nexus.ensighten.com/dell/prod/code/d1c5d60ee87e71e87cb1b4ddcb1b046b.js?conditionId0=421951,3ms
http://dell.com,Ensighten,http://nexus.ensighten.com/dell/prod/code/f1eaa0af85a63229c82d541160a2b171.js?conditionId0=304500,9ms
http://ikea.com,Tealium,http://tags.tiqcdn.com/utag/ikea/global-splash-page/prod/utag.js,600ms
http://ikea.com,Tealium,http://tags.tiqcdn.com/utag/ikea/global-splash-page/prod/utag.2.js?utv=ut4.41.201609221246,41ms
http://ikea.com,Tealium,http://tags.tiqcdn.com/utag/tiqapp/utag.v.js?a=ikea/global-splash-page/201609051430&cb=1489747029669,151ms
http://nydailynews.com,GTM,http://www.googletagmanager.com/gtm.js?id=GTM-M9G2T8&l=nydnDO,196ms
http://jcpenney.com,Ensighten,http://nexus.ensighten.com/jcpenney/Bootstrap.js,7ms
http://jcpenney.com,Ensighten,http://nexus.ensighten.com/jcpenney/prod/serverComponent.php?r=8687.782890629023&ClientID=730&PageID=http%3A%2F%2Fwww.jcpenney.com%2F,7ms
http://jcpenney.com,Ensighten,http://nexus.ensighten.com/jcpenney/prod/code/cbaae9b8b421fbb9ef8ba2e95f444392.js?conditionId0=324309,3ms
http://jcpenney.com,Ensighten,http://nexus.ensighten.com/jcpenney/prod/code/bc3f161e6318fa905da4a07c29868ddc.js?conditionId0=334708,4ms
http://jcpenney.com,Ensighten,http://nexus.ensighten.com/jcpenney/prod/code/fef846cd955eee8a4477155bc69a5855.js?conditionId0=433054,4ms
http://jcpenney.com,Ensighten,http://nexus.ensighten.com/jcpenney/prod/code/1357650746501c860ea7bf04fa9254ec.js?conditionId0=433537,5ms
http://jcpenney.com,Ensighten,http://nexus.ensighten.com/jcpenney/prod/code/6bba424f9de60b1dabf2c2f8fc07377e.js?conditionId0=335308,7ms
http://jcpenney.com,Ensighten,http://nexus.ensighten.com/jcpenney/prod/code/f4f05ad89db19e4d18c1a4f96e52c6cf.js?conditionId0=368155,7ms
http://jcpenney.com,Ensighten,http://nexus.ensighten.com/jcpenney/prod/code/917c49a2004d2d8ef510e0d6f92ed48d.js?conditionId0=346182,7ms
http://jcpenney.com,Ensighten,http://nexus.ensighten.com/jcpenney/prod/code/c8579bc886f1e3389b023aecefd65d85.js?conditionId0=422808,9ms
http://jcpenney.com,Ensighten,http://nexus.ensighten.com/jcpenney/prod/code/27aa4055a0fb77eb58edffe1be599bd3.js?conditionId0=335512,10ms
http://intuit.com,Ensighten,https://nexus.ensighten.com/intuit/us_sbg_prod/Bootstrap.js,17ms
http://intuit.com,Ensighten,https://nexus.ensighten.com/intuit/us_sbg_prod/serverComponent.php?r=8591.920780017972&ClientID=203&PageID=https%3A%2F%2Fwww.intuit.com%2F,19ms
http://intuit.com,Ensighten,https://nexus.ensighten.com/intuit/us_sbg_prod/code/8d168cff0367f7e70043ecac6423808b.js?conditionId0=244919,89ms
http://intuit.com,Ensighten,https://nexus.ensighten.com/intuit/us_sbg_prod/code/20f02d6af004a6f6f690f1aed5ffe958.js?conditionId0=365238,2ms
http://windows.com,Ensighten,https://nexus.ensighten.com/wol/smprod/Bootstrap.js,379ms
http://windows.com,Ensighten,https://nexus.ensighten.com/wol/smprod/serverComponent.php?r=5.465199563186616&ClientID=1068&PageID=https%3A%2F%2Fwww.microsoft.com%2Fen-us%2Fwindows,31ms
http://windows.com,Ensighten,https://nexus.ensighten.com/wol/smprod/code/f41fc74d82249364a59def6fb6e0dd57.js?conditionId0=382153,473ms
http://windows.com,Ensighten,https://nexus.ensighten.com/wol/smprod/code/d46fde66c8ae1c10e969791d0d8bb6f8.js?conditionId0=382153,480ms
http://windows.com,Ensighten,https://nexus.ensighten.com/wol/smprod/code/6cff6713ad7cce583fa17357b25176d2.js?conditionId0=415230,480ms
http://windows.com,Ensighten,https://nexus.ensighten.com/wol/smprod/code/9919a020baa6a59661edc4dd77cc7f72.js,517ms
http://windows.com,Ensighten,https://nexus.ensighten.com/wol/smprod/code/9a065ea0ce243da68d03da8fb2148b88.js?conditionId0=423265,516ms
http://fidelity.com,Ensighten,https://nexus.ensighten.com/fidelity/prod/Bootstrap.js,28ms
http://fidelity.com,Ensighten,http://nexus.ensighten.com/fidelity/prod/serverComponent.php?r=9219.849272631109&ClientID=65&PageID=http%3A%2F%2Fwww.fidelity.com%2F,29ms
http://fidelity.com,Ensighten,http://nexus.ensighten.com/fidelity/prod/code/e49b7d677abfd2daecebf465499fee5e.js?conditionId0=360430,70ms
http://fidelity.com,Ensighten,http://nexus.ensighten.com/fidelity/prod/code/4109fe9fc8b5feddadbf2df7b826efbc.js?conditionId0=241952,70ms
http://fidelity.com,Ensighten,http://nexus.ensighten.com/fidelity/prod/code/92c2dd76837ab782800678ff0a2f3ff9.js?conditionId0=370676,71ms
http://fidelity.com,Ensighten,http://nexus.ensighten.com/fidelity/prod/code/934d969889f30c438eeb12aee0a647a4.js?conditionId0=380718,72ms
http://fidelity.com,Ensighten,http://nexus.ensighten.com/fidelity/prod/code/05666f9ce795fa34e8f7b6fdeb6bdade.js?conditionId0=360893,72ms
http://fidelity.com,Ensighten,http://nexus.ensighten.com/fidelity/prod/code/8b851e04e6eb72ab4e71affa29576305.js?conditionId0=330376,73ms
http://fidelity.com,Ensighten,http://nexus.ensighten.com/fidelity/prod/code/16e484a0f5981204e58bc7a1414d3388.js?conditionId0=432508,72ms
http://fidelity.com,Ensighten,http://nexus.ensighten.com/fidelity/prod/code/65b3c6fa97ecade0f4560cc700a6e51c.js?conditionId0=46215&conditionId1=422684,73ms
http://latimes.com,Ensighten,http://nexus.ensighten.com/tronc/latimesnguxprod/Bootstrap.js,9ms
http://latimes.com,Ensighten,http://nexus.ensighten.com/tronc/latimesnguxprod/serverComponent.php?r=574.3793190922588&ClientID=2115&PageID=http%3A%2F%2Fwww.latimes.com%2F,31ms
http://overstock.com,Ensighten,https://nexus.ensighten.com/overstock/prod/serverComponent.php?r=0.02705611940473318&ClientID=78&PageID=https%3A%2F%2Fwww.overstock.com%2F%3F_d%3D%5Bobject%20Object%5D,38ms
http://overstock.com,Ensighten,https://nexus.ensighten.com/overstock/prod/code/5c7a34276ad80c9eb3a5f040abf2f436.js?conditionId0=60116,3ms
http://overstock.com,Ensighten,https://nexus.ensighten.com/overstock/prod/code/bef4ce5ed637f3232f8843b3fa8cb60a.js?conditionId0=60119,5ms
http://overstock.com,Ensighten,https://nexus.ensighten.com/overstock/prod/code/0efdcf9026696f96bb2939e195e0b50f.js?conditionId0=324057,9ms
http://overstock.com,Ensighten,https://nexus.ensighten.com/overstock/prod/code/c3862cfbe5caa1a8d9cdcdf9599de16b.js?conditionId0=422970,11ms
http://verizonwireless.com,Ensighten,https://nexus.ensighten.com/vzw/prod/Bootstrap.js,24ms
http://verizonwireless.com,Ensighten,https://nexus.ensighten.com/vzw/prod/serverComponent.php?r=7568374.979309738&ClientID=476&PageID=https%3A%2F%2Fwww.verizonwireless.com%2F%3Fplatform%3Ddesktop%26condition%3Dhomepage%26pageType%3Ddesktop%20store%26section2%3D%2Fdesktop%20store%2Fprospect%26flowType%3D%26flowName%3Dhome%20page,26ms
http://verizonwireless.com,Ensighten,https://nexus.ensighten.com/vzw/prod/code/dd1d2e36e440ec4dada570f4b1a256ad.js?conditionId0=423244,3ms
http://verizonwireless.com,Ensighten,https://nexus.ensighten.com/vzw/prod/code/7e752c016132e9b096e504412c000bab.js?conditionId0=376537,4ms
http://verizonwireless.com,Ensighten,https://nexus.ensighten.com/vzw/prod/code/ba3367ee2ffa8272cfd67450d8c97dba.js?conditionId0=375610,24ms
http://citi.com,Ensighten,https://nexus.ensighten.com/citi/na_prod/Bootstrap.js,277ms
http://citi.com,Ensighten,https://nexus.ensighten.com/citi/na_prod/serverComponent.php?r=46103.87871507555&ClientID=1129&PageID=https%3A%2F%2Fonline.citi.com%2FUS%2Flogin.do,18ms
http://citi.com,Ensighten,https://nexus.ensighten.com/citi/na_prod/code/53b4d2edf633249a0087507082eae4fa.js?conditionId0=467299,4ms
http://citi.com,Ensighten,https://nexus.ensighten.com/citi/na_prod/code/049545ccbcad4ada455ac8c71ef98dad.js?conditionId0=408366&conditionId1=488044,4ms
http://citi.com,Ensighten,https://nexus.ensighten.com/citi/na_prod/code/ef3c14d4c213033379ae8ea83d3c6518.js?conditionId0=462132,10ms
http://citi.com,Ensighten,https://nexus.ensighten.com/citi/na_prod/code/049d26e819570a9d550b85a5691be2cb.js?conditionId0=443037,12ms
http://citi.com,Ensighten,https://nexus.ensighten.com/citi/na_prod/code/ada27b0a26c6287d9d8b788d0b3974ac.js?conditionId0=442528,17ms
http://citi.com,Ensighten,https://nexus.ensighten.com/citi/na_prod/code/5cd4efa0266918200881c725b3bf9c45.js?conditionId0=421908,17ms
http://citi.com,Ensighten,https://nexus.ensighten.com/citi/na_prod/code/75beb2d4313837a91646d1b7a2a9b73f.js?conditionId0=474145,26ms
http://citi.com,Ensighten,https://nexus.ensighten.com/citi/na_prod/code/1fd0d2a3f0cab74f9b0d17a8c6474f09.js?conditionId0=454466,26ms
http://citi.com,Ensighten,https://nexus.ensighten.com/citi/na_prod/code/9c3152a0a3ca396a8fd93f691c013e2d.js?conditionId0=405518,27ms
http://citi.com,Ensighten,https://nexus.ensighten.com/citi/na_prod/code/fc40464cbb0b3e70135bd028b2b51ab6.js?conditionId0=486757,28ms
http://verizon.com,Ensighten,http://nexus.ensighten.com/verizon/Bootstrap.js,6ms
http://verizon.com,Ensighten,http://nexus.ensighten.com/verizon/prod/serverComponent.php?r=63.02982997149229&ClientID=534&PageID=http%3A%2F%2Fwww.verizon.com%2Fhome%2Fverizonglobalhome%2Fghp_landing.aspx,14ms
http://verizon.com,Ensighten,http://nexus.ensighten.com/verizon/prod/code/9931296ead62aefff343274246cba63f.js?conditionId0=353297,3ms
http://verizon.com,Ensighten,http://nexus.ensighten.com/verizon/prod/code/95fadb1972b1c159ff6106c34a58c8ad.js?conditionId0=353300,7ms
http://verizon.com,Ensighten,http://nexus.ensighten.com/verizon/prod/code/f1e26d7395edc40637e975ca102fbbae.js?conditionId0=323299,8ms
http://sfgate.com,Ensighten,http://nexus.ensighten.com/hearst/news/Bootstrap.js,6ms
http://sfgate.com,Ensighten,http://nexus.ensighten.com/hearst/news/serverComponent.php?r=3.643419814761728&ClientID=109&PageID=http%3A%2F%2Fwww.sfgate.com%2F,26ms
http://sfgate.com,Ensighten,http://nexus.ensighten.com/hearst/news/code/b03fd056ca25976942b22d17a10d0dc1.js?conditionId0=306993,30ms
http://sfgate.com,Ensighten,http://nexus.ensighten.com/hearst/news/code/4c3f6927041d04ed09be342db12519d6.js?conditionId0=318893,33ms
http://sfgate.com,Ensighten,http://nexus.ensighten.com/hearst/news/code/c5e6e520f554da1210b6664774e8178f.js?conditionId0=483537,27ms
http://sfgate.com,Ensighten,http://nexus.ensighten.com/hearst/news/code/c52a1b52da65d2fc6923b08418ff4b8e.js?conditionId0=390435,27ms
http://sfgate.com,Ensighten,http://nexus.ensighten.com/hearst/news/code/c13e8737b474cd0c6994534b18255b28.js?conditionId0=304054,27ms
http://sfgate.com,Ensighten,http://nexus.ensighten.com/hearst/mos-video/Bootstrap.js,14ms
http://sfgate.com,Ensighten,http://nexus.ensighten.com/hearst/mos-video/serverComponent.php?r=738307.9128339887&ClientID=109&PageID=http%3A%2F%2Fplayer.hearst.io%2F%3Fid%3D76946af3-2e71-49b1-81e4-372fea9c1668%26hdsDebug%3Dfalse%26icrossingId%3D4%26urlHash%3Da4048361f61efe8eec2fb7b7ea314a72%26fullUrl%3Dhttp%253A%252F%252Fwww.sfgate.com%252F%26bu%3DHNP,17ms
http://chron.com,Ensighten,http://nexus.ensighten.com/hearst/news/Bootstrap.js,6ms
http://chron.com,Ensighten,http://nexus.ensighten.com/hearst/news/serverComponent.php?r=6153.463153168559&ClientID=109&PageID=http%3A%2F%2Fwww.chron.com%2F,9ms
http://chron.com,Ensighten,http://nexus.ensighten.com/hearst/news/code/24cde1868980d32e56dd958d46cbeba4.js?conditionId0=305111,21ms
http://chron.com,Ensighten,http://nexus.ensighten.com/hearst/news/code/ecd773c28527dd9424c75521288c2e58.js?conditionId0=304571,11ms
http://chron.com,Ensighten,http://nexus.ensighten.com/hearst/news/code/c52a1b52da65d2fc6923b08418ff4b8e.js?conditionId0=390435,11ms
http://chron.com,Ensighten,http://nexus.ensighten.com/hearst/news/code/709e47f99c50ed0ec5a2dd9df2ca6928.js?conditionId0=306987,11ms
http://chron.com,Ensighten,http://nexus.ensighten.com/hearst/news/code/4c3f6927041d04ed09be342db12519d6.js?conditionId0=318893,18ms
http://norton.com,Ensighten,https://nexus.ensighten.com/symantec/aemprod/Bootstrap.js,18ms
http://norton.com,Ensighten,https://nexus.ensighten.com/symantec/aemprod/serverComponent.php?r=64225248.64319712&ClientID=21&PageID=https%3A%2F%2Fbr.norton.com%2F%3F_COUNTRY%3Dbr%26_LANGUAGE%3Dpt%26_TRAFFIC_SOURCE%3Ddirect%26_PGM_ID%3Dmissing%26_PGM_TYPE%3Dunknown%26_IPF%3Dmissing%26_IPD%3Dmissing%26_PSN%3Dmissing%26_SUBCHANNEL%3Donline%20(1st)%26_ORIG_SUB%3Donline%20(1st)%26_PIFCAM%3Dmissing%26_I_SKU%3Dmissing%26_DEX%3Dmissing%26_INID%3Dmissing%26_IPV%3Dmissing%26_IPC%3Dmissing%26_IUC%3Dmissing%26_IPL%3Dmissing%26_ENP%3Dmissing%26_SKT%3Dmissing%26_ITD%3Dmissing%26now_site_country%3Dbr%26now_site_language%3Dpt%26now_site_content_title%3Dhome%26now_site_sub_section%3Dhomepage%26now_site_section%3Dnorton.com%26now_trafficsource_cookie_name%3Ddirect%26now_program_type%3Dunknown%26now_current_subchannel%3Donline%20(1st)%26now_original_subchannel%3Donline%20(1st)%26product_name%3Dhomepage%26vendor_type%3Dnorton%3Asymantec%26isMobile%3Dfalse%26viewCampaigns%3Dmissing%26path%3D%2F%26siteCode%3Dnortoncom,9ms
http://norton.com,Ensighten,https://nexus.ensighten.com/symantec/aemprod/code/135b8eaf8baec319cbb8e54b25311bcc.js?conditionId0=473595,3ms
http://norton.com,Ensighten,https://nexus.ensighten.com/symantec/aemprod/code/e1db00dc911eee6476a7052c13164118.js?conditionId0=423130,4ms
http://norton.com,Ensighten,https://nexus.ensighten.com/symantec/aemprod/code/70027d521c025c8019ff8dd214980a9d.js?conditionId0=292034&conditionId1=292109,9ms
http://norton.com,Ensighten,https://nexus.ensighten.com/symantec/aemprod/code/6fb28b56c3111af0775d3bcf87bc45fc.js?conditionId0=292100,11ms
http://norton.com,Ensighten,https://nexus.ensighten.com/symantec/aemprod/code/a6fa0b9ab58d91786585c5dd24a6c083.js?conditionId0=364019,13ms
http://norton.com,Tealium,https://tags.tiqcdn.com/utag/xaxis/norton.com/prod/utag.js,629ms
http://norton.com,Tealium,https://tags.tiqcdn.com/utag/xaxis/-symantec/prod/utag.js,148ms
http://norton.com,Tealium,https://tags.tiqcdn.com/utag/xaxis/-symantec/prod/mobile.html?order_id=&order_total=&order_subtotal=&lbData_MP1=customerType--return&lbData_MP2=userType--new&lbData_MP3=original_subchannel--&lbData_MP4=current_subchannel--&lbData_MP5=traffic_source--&lbData_MP6=country--&lbData_MP7=region--&lbData_MP8=language--&lbData_MP9=products--&customerType=return&userType=new&original_subchannel=&current_subchannel=&traffic_source=&country=&region=&language=&products=&refAction=direct&order_currency=USD&xaxis_title=Norton%E2%84%A2%20-%20Software%20Antiv%C3%ADrus%20e%20Remo%C3%A7%C3%A3o%20de%20Spyware&xaxis_url=https%3A%2F%2Fbr.norton.com%2F&xaxis_domain=br.norton.com&xaxis_pathname=%2F&xaxis_referrer=,3ms
http://norton.com,Tealium,https://tags.tiqcdn.com/utag/tiqapp/utag.v.js?a=xaxis/-symantec/201703151337&cb=1489747191407,146ms
http://bhphotovideo.com,Ensighten,https://nexus.ensighten.com/bhfoto/Bootstrap.js,421ms
http://bhphotovideo.com,Ensighten,https://nexus.ensighten.com/bhfoto/prod/serverComponent.php?r=19.78206937201321&ClientID=1084&PageID=https%3A%2F%2Fwww.bhphotovideo.com%2F,9ms
http://bhphotovideo.com,Ensighten,https://nexus.ensighten.com/bhfoto/prod/code/7190d59528106cf3cc8db38eb882290a.js?conditionId0=383797&conditionId1=385508&conditionId2=456517,5ms
http://bhphotovideo.com,Ensighten,https://nexus.ensighten.com/bhfoto/prod/code/dc9bf30d80d943f2d8a339ea78441cfe.js?conditionId0=380898&conditionId1=375435,8ms
http://bhphotovideo.com,Ensighten,https://nexus.ensighten.com/bhfoto/prod/code/9f0749b771aef110881346c3446e2b96.js?conditionId0=360095,11ms
http://bhphotovideo.com,Ensighten,https://nexus.ensighten.com/bhfoto/prod/code/f58fa406980a3b4d8fb2da159ffc8ac1.js?conditionId0=421854,14ms
http://bhphotovideo.com,GTM,https://www.googletagmanager.com/gtm.js?id=GTM-S4J6,122ms
http://hotels.com,Ensighten,https://nexus.ensighten.com/hotelscom/prod/Bootstrap.js,15ms
http://hotels.com,Ensighten,https://nexus.ensighten.com/hotelscom/prod/serverComponent.php?r=306973353.4939587&ClientID=314&PageID=https%3A%2F%2Fwww.hoteis.com%2F%3Fpos%3DHCOM_BR%26locale%3Dpt_BR%26PagesiteSection%3Dhome%20page%26UserLocale%3Dpt_BR%26Userpos%3DHCOM_BR%26MarketinglastTouchedMarketingCode%3Dundefined%26MVTHardCodedTagMigrationFlag%3Dtrue%26MVTHardCodedTagMigrationFlagCJ%3Dfalse%26MVTssmvts%3Dcould%20not%20find%20ssmvts%20%26pos%3DHCOM_BR%26UserplatformId%3DDesktop%26Userbrand%3DHCOM%26PagepageName%3Dhome%20page%26Propertycountry%3Dundefined%26MarketingfullMarketingTrackingCode%3Dundefined%26MarketingvisitMarketingCode%3Dundefined,27ms
http://hotels.com,Ensighten,https://nexus.ensighten.com/hotelscom/prod/code/9dd03364cc87820faa64035a3aeff302.js?conditionId0=376463,3ms
http://hotels.com,Ensighten,https://nexus.ensighten.com/hotelscom/prod/code/d49c0403ec7530e7c33442410daa2fb4.js?conditionId0=382621,7ms
http://hotels.com,Ensighten,https://nexus.ensighten.com/hotelscom/prod/code/351da75e351183784e72d39b211de384.js?conditionId0=414658,13ms
http://hotels.com,Ensighten,https://nexus.ensighten.com/hotelscom/prod/code/85a827e903253014cc428dec0716c256.js?conditionId0=422763,14ms
http://hotels.com,Ensighten,https://nexus.ensighten.com/hotelscom/prod/code/42aef10188a9cb26524e868650d5363e.js?conditionId0=392943,15ms
http://hotels.com,Ensighten,https://nexus.ensighten.com/hotelscom/prod/code/04939c8c11cd4aa2b7d908c09e2477ff.js?conditionId0=422763,16ms
http://hotels.com,Ensighten,https://nexus.ensighten.com/hotelscom/prod/code/86cebd7a76c46241b783e769d8cc86e8.js?conditionId0=386937,19ms
http://hotels.com,Ensighten,https://nexus.ensighten.com/hotelscom/prod/code/db6897ab0ee2afba72813c73a1ed73be.js?conditionId0=397463,17ms
http://hotels.com,Ensighten,https://nexus.ensighten.com/hotelscom/prod/code/f5f86fcb63777350db23a9e88a3dd69a.js?conditionId0=484699,18ms
http://hotels.com,Ensighten,https://nexus.ensighten.com/hotelscom/prod/code/09bb496a01f6e2b096e666c1b85d0f37.js?conditionId0=395888,20ms
http://hotels.com,Ensighten,https://nexus.ensighten.com/hotelscom/prod/code/d6e2c51378f704966342f110065a70b5.js?conditionId0=488614,21ms
http://hotels.com,Ensighten,https://nexus.ensighten.com/hotelscom/prod/code/37199fd87b0b3fd0584da13dbfd5ac14.js,20ms
http://hotels.com,Ensighten,https://nexus.ensighten.com/hotelscom/prod/code/1d48c1438f6fde251692e05e978fadb6.js?conditionId0=416379,19ms
http://hotels.com,Ensighten,https://nexus.ensighten.com/hotelscom/prod/code/64b154b8740cf68048bc6ff4e6e5b6a7.js?conditionId0=484537,20ms
http://hotels.com,Ensighten,https://nexus.ensighten.com/hotelscom/prod/code/98ff7d1da9c12789d44c9a9109a1979e.js?conditionId0=343579,19ms
http://hotels.com,Ensighten,https://nexus.ensighten.com/hotelscom/prod/code/7d4f263f000e9fb518940a1221e09b54.js?conditionId0=471998,20ms
http://hotels.com,Ensighten,https://nexus.ensighten.com/hotelscom/prod/code/42c94d5519da06ca02daafbfb5c1f5dc.js?conditionId0=343861,22ms
http://nba.com,Ensighten,http://nexus.ensighten.com/turner/nba-prod/Bootstrap.js,4333ms
http://nba.com,Ensighten,http://nexus.ensighten.com/turner/nba-prod/serverComponent.php?r=54.797881352715194&ClientID=1511&PageID=http%3A%2F%2Fwww.nba.com%2F,48ms
http://nba.com,Ensighten,http://nexus.ensighten.com/turner/nba-prod/code/daf470be99fe17792bee4bf54abb9788.js?conditionId0=475664,2ms
http://nba.com,Ensighten,http://nexus.ensighten.com/turner/nba-prod/code/b964e72a85fc5fa86a7e0eb034c380b4.js?conditionId0=464567,3ms
http://nba.com,Ensighten,http://nexus.ensighten.com/turner/nba-prod/code/23c60507843ac313570688b445e8fc5a.js?conditionId0=464400,6ms
http://microsoftstore.com,Ensighten,https://nexus.ensighten.com/microsoftstore/Bootstrap.js,142ms
http://microsoftstore.com,Ensighten,https://nexus.ensighten.com/microsoftstore/prod/serverComponent.php?r=12239311.286248267&ClientID=934&PageID=https%3A%2F%2Fwww.microsoftstore.com%2Fstore%2Fmsbr%2Fpt_BR%2Fhome,14ms
http://microsoftstore.com,Ensighten,https://nexus.ensighten.com/microsoftstore/prod/code/1af3d14c4a1b0bd54f34f11435bc8529.js?conditionId0=383765,3ms
http://microsoftstore.com,Ensighten,https://nexus.ensighten.com/microsoftstore/prod/code/4d99a6f25f1e3bf01ea916bc26dc4181.js?conditionId0=325930,11ms
http://microsoftstore.com,Ensighten,https://nexus.ensighten.com/microsoftstore/prod/code/52ff2f01512b1ba613327d7010805973.js?conditionId0=325933,86ms
http://microsoftstore.com,Ensighten,https://nexus.ensighten.com/microsoftstore/prod/code/371498f94fb862b805835b2f79b6642e.js?conditionId0=325852,110ms
http://microsoftstore.com,Ensighten,https://nexus.ensighten.com/microsoftstore/prod/code/4c4946a089dbf66f46c2087ca642fd5a.js?conditionId0=325927,111ms
http://microsoftstore.com,Ensighten,https://nexus.ensighten.com/microsoftstore/prod/code/db562f9f61c5695995cbf7ef835c1387.js?conditionId0=375796,110ms
http://microsoftstore.com,Ensighten,https://nexus.ensighten.com/microsoftstore/prod/code/1badbb1f0dd0c47f8fe9dfdf486c210c.js?conditionId0=363026,111ms
http://microsoftstore.com,Ensighten,https://nexus.ensighten.com/microsoftstore/prod/code/382e2ff5aa664d99539f62e2e41d3aab.js?conditionId0=325905,111ms
http://microsoftstore.com,Ensighten,https://nexus.ensighten.com/microsoftstore/prod/code/db1c15f642635cc2432b703fd9c1c25a.js?conditionId0=402352,110ms
http://microsoftstore.com,Ensighten,https://nexus.ensighten.com/microsoftstore/prod/code/3d6bad19a17d2326f66e7ec9f3e0be97.js?conditionId0=368347,111ms
http://delta.com,Ensighten,https://nexus.ensighten.com/delta/prod/Bootstrap.js,14ms
http://delta.com,Ensighten,https://nexus.ensighten.com/delta/mtprod/Bootstrap.js,150ms
http://delta.com,Ensighten,https://nexus.ensighten.com/delta/mtprod/serverComponent.php?r=73032222.2225368&ClientID=912&PageID=https%3A%2F%2Fwww.delta.com%2F%3Flanguage%3Den-us%26mobile%3DN%26loggedIn%3Dfalse,23ms
http://delta.com,Ensighten,https://nexus.ensighten.com/delta/mtprod/code/eba784a5249f5ee411c67ef13f9767fa.js?conditionId0=424239,22ms
http://delta.com,Ensighten,https://nexus.ensighten.com/delta/mtprod/code/7b1b49eb1f688bb1655f805f8745b6ff.js?conditionId0=478826,9ms
http://delta.com,Ensighten,https://nexus.ensighten.com/delta/mtprod/code/1548cd7b8bb504cbe3c2d345cfcdb768.js?conditionId0=421954,9ms
http://delta.com,Ensighten,https://nexus.ensighten.com/delta/mtprod/code/b02baf744e0faa7b1508f3003a86aaf2.js?conditionId0=386819,12ms
http://delta.com,Ensighten,https://nexus.ensighten.com/delta/mtprod/code/98f3977e12b94280bc766cd8481cca23.js?conditionId0=410555,17ms
http://delta.com,Ensighten,https://nexus.ensighten.com/delta/mtprod/code/0005339c33c1e9d6665824f197e45a54.js?conditionId0=323353,18ms
http://legacy.com,GTM,http://www.googletagmanager.com/gtm.js?id=GTM-TDQHZW,87ms
http://t-mobile.com,Ensighten,https://nexus.ensighten.com/tmobile/tnext/Bootstrap.js,81ms
http://t-mobile.com,Ensighten,https://nexus.ensighten.com/tmobile/tnext/serverComponent.php?r=3511164.7588200867&ClientID=372&PageID=https%3A%2F%2Fwww.t-mobile.com%2F,102ms
http://t-mobile.com,Ensighten,https://nexus.ensighten.com/tmobile/tnext/code/e2518f36dec60a6c2027e1191fa1e2b4.js?conditionId0=466422,99ms
http://t-mobile.com,Ensighten,https://nexus.ensighten.com/tmobile/tnext/code/235369f18550c84811ce8d8994c3716f.js?conditionId0=214884,18ms
http://t-mobile.com,Ensighten,https://nexus.ensighten.com/tmobile/tnext/code/41a8ee729a410c8805124f232f36c02b.js?conditionId0=475300,51ms
http://t-mobile.com,Ensighten,https://nexus.ensighten.com/tmobile/tnext/code/0300a3863eac4cb2ae9d0ced2c711d40.js?conditionId0=221211&conditionId1=423178,52ms
http://visualstudio.com,Ensighten,https://nexus.ensighten.com/msvscs/Bootstrap.js?ver=4.7.3,48ms
http://visualstudio.com,Ensighten,https://nexus.ensighten.com/msvscs/prod/serverComponent.php?r=9187049325.555563&ClientID=452&PageID=https%3A%2F%2Fwww.visualstudio.com%2F,32ms
http://visualstudio.com,Ensighten,https://nexus.ensighten.com/msvscs/prod/code/321c0db7485fb02e24b7b5ddedd3dbd8.js?conditionId0=246357,32ms
http://visualstudio.com,Ensighten,https://nexus.ensighten.com/msvscs/prod/code/2685e4cd3eaf646b88446c3d1d9b77c1.js?conditionId0=245987,19ms
http://visualstudio.com,Ensighten,https://nexus.ensighten.com/msvscs/prod/code/26f2e6c1568be56d0b08f2295feb40c3.js?conditionId0=282292,51ms
http://visualstudio.com,Ensighten,https://nexus.ensighten.com/msvscs/prod/code/50e7e8179d888ac9a974e7482f583b64.js?conditionId0=485928,52ms
http://visualstudio.com,Ensighten,https://nexus.ensighten.com/msvscs/prod/code/76be1a599cf5be1780884ae18c42da0c.js?conditionId0=245987,60ms
http://visualstudio.com,Ensighten,https://nexus.ensighten.com/msvscs/prod/code/3c15badd77ff3da9f0b452275f924c88.js?conditionId0=439104,60ms
http://xbox.com,Ensighten,http://nexus.ensighten.com/xbox/Bootstrap.js?v=1703916100,13ms
http://xbox.com,Ensighten,http://nexus.ensighten.com/xbox/prod/serverComponent.php?r=123027703.4919709&ClientID=1318&PageID=http%3A%2F%2Fwww.xbox.com%2Fen-US%2F,22ms
http://xbox.com,Ensighten,http://nexus.ensighten.com/xbox/prod/code/dc7dd32693b55a00b2a474ff6c6d2352.js?conditionId0=474137,7ms
http://xbox.com,Ensighten,http://nexus.ensighten.com/xbox/prod/code/f856204520ca230a03bcde17914a1caa.js?conditionId0=394180,10ms
http://xbox.com,Ensighten,http://nexus.ensighten.com/xbox/prod/code/e375fac82c1456dfe4cff0080273ea84.js,10ms
http://xbox.com,Ensighten,http://nexus.ensighten.com/xbox/prod/code/6fe84c0505e00e5c111ac97b72ec8c82.js?conditionId0=423274,11ms
http://xbox.com,Ensighten,http://nexus.ensighten.com/xbox/prod/code/466808ab07177fac1de74d4f54e88f15.js?conditionId0=485511,11ms
http://united.com,Ensighten,https://nexus.ensighten.com/united/UnitedProd/Bootstrap.js,18ms
http://united.com,Ensighten,https://nexus.ensighten.com/united/UnitedProd/serverComponent.php?r=252.106110798195&ClientID=673&PageID=https%3A%2F%2Fwww.united.com%2Fual%2Fen%2Fus%2F,8ms
http://united.com,Ensighten,https://nexus.ensighten.com/united/UnitedProd/code/21b5596505d5f1fc48d7efff77f3a44a.js?conditionId0=295158,4ms
http://united.com,Ensighten,https://nexus.ensighten.com/united/UnitedProd/code/0a5c2a3e460dadee1effd324fbaa21e5.js?conditionId0=330513,11ms
http://united.com,Ensighten,https://nexus.ensighten.com/united/UnitedProd/code/183215e11eda8cd357054d422c2ce379.js?conditionId0=343172,87ms
http://united.com,Ensighten,https://nexus.ensighten.com/united/UnitedProd/code/585a0969bd37d65c30fbb077bc027879.js?conditionId0=345204,86ms
http://cabelas.com,Ensighten,https://nexus.ensighten.com/cabelas/prod/Bootstrap.js,271ms
http://cabelas.com,Ensighten,http://nexus.ensighten.com/cabelas/prod/serverComponent.php?r=6617.419158574194&ClientID=267&PageID=http%3A%2F%2Fwww.cabelas.com%2F,6ms
http://cabelas.com,Ensighten,http://nexus.ensighten.com/cabelas/prod/code/f6b13522ed0ec8d6f58ba9b77cc6117d.js?conditionId0=415510&conditionId1=464407&conditionId2=424771&conditionId3=394716&conditionId4=406315&conditionId5=394795&conditionId6=394715&conditionId7=415513,18ms
http://cabelas.com,Ensighten,http://nexus.ensighten.com/cabelas/prod/code/6114d93f9fb29c81f2be85d1728b274a.js?conditionId0=349025&conditionId1=349027&conditionId2=349026&conditionId3=382125&conditionId4=382124&conditionId5=349022&conditionId6=351194,16ms
http://cabelas.com,Ensighten,http://nexus.ensighten.com/cabelas/prod/code/ccd1d5028eb3b87e1f741bd3066665a8.js?conditionId0=419913,18ms
http://cabelas.com,Ensighten,http://nexus.ensighten.com/cabelas/prod/code/51a7134f8c8344e1ed6a5b862475011a.js?conditionId0=201307,17ms
http://marriott.com,Ensighten,https://nexus.ensighten.com/marriott/prod/Bootstrap.js,28ms
http://marriott.com,Ensighten,http://nexus.ensighten.com/marriott/prod/serverComponent.php?r=857106328.709051&ClientID=974&PageID=http%3A%2F%2Fwww.marriott.com%2Fdefault.mi,16ms
http://marriott.com,Ensighten,http://nexus.ensighten.com/marriott/prod/code/0273cf97bebfb4d7855d0c1788597ea6.js?conditionId0=395681,3ms
http://marriott.com,Ensighten,http://nexus.ensighten.com/marriott/prod/code/2593d392f880f354c7d8bf39a13e1dee.js?conditionId0=399469,4ms
http://marriott.com,Ensighten,http://nexus.ensighten.com/marriott/prod/code/061c36031e481e2f852c687dea3c8728.js,4ms
http://marriott.com,Ensighten,http://nexus.ensighten.com/marriott/prod/code/a717df5440b76cb7e4c8d8a0ae08e748.js?conditionId0=456268,5ms
http://marriott.com,Ensighten,http://nexus.ensighten.com/marriott/prod/code/72282314bed8ef63e1b51b1855bb59ba.js?conditionId0=348876,6ms
http://marriott.com,Ensighten,http://nexus.ensighten.com/marriott/prod/code/453c1c507295ed3e14f76a976a9bc1c4.js?conditionId0=422853,10ms
http://dickssportinggoods.com,Ensighten,http://nexus.ensighten.com/dsg/dsg_prod/Bootstrap.js,11ms
http://dickssportinggoods.com,Ensighten,http://nexus.ensighten.com/dsg/dsg_prod/serverComponent.php?r=73.01329611800611&ClientID=168&PageID=http%3A%2F%2Fwww.dickssportinggoods.com%2F%3FisAOS%3Dfalse%26ESPNVisit%3Dfalse%26tmData%3D%26storeNum%3DnotFound%26associateId%3DnotFound%26isAngular%3Dfalse,43ms
http://dickssportinggoods.com,Ensighten,http://nexus.ensighten.com/dsg/dsg_prod/code/8da4f7194e50e67f583e6b1b413c611e.js?conditionId0=399349,4ms
http://dickssportinggoods.com,Ensighten,http://nexus.ensighten.com/dsg/dsg_prod/code/6425dbd5faa753145d3cf1b50d6ddcda.js?conditionId0=476669,4ms
http://dickssportinggoods.com,Ensighten,http://nexus.ensighten.com/dsg/dsg_prod/code/b9530ef33abd31c1a6086aac6282c507.js?conditionId0=475607,6ms
http://dickssportinggoods.com,Ensighten,http://nexus.ensighten.com/dsg/dsg_prod/code/9d288d847447c8951f94857a439b9195.js?conditionId0=399330,11ms
http://dickssportinggoods.com,Ensighten,http://nexus.ensighten.com/dsg/dsg_prod/code/79b4167e36c0aab44eadb9ba357ff932.js?conditionId0=476797,54ms
http://chicagotribune.com,Ensighten,http://nexus.ensighten.com/tronc/chicagotribunenguxprod/Bootstrap.js,10ms
http://chicagotribune.com,Ensighten,http://nexus.ensighten.com/tronc/chicagotribunenguxprod/serverComponent.php?r=316508.3918720484&ClientID=2115&PageID=http%3A%2F%2Fwww.chicagotribune.com%2F,18ms
http://td.com,Ensighten,https://nexus.ensighten.com/tdb/Bootstrap.js,24ms
http://td.com,Ensighten,https://nexus.ensighten.com/tdb/prod/serverComponent.php?r=9644299400.97034&ClientID=822&PageID=https%3A%2F%2Fwww.td.com%2Fabout-tdbfg%2Four-business%2Findex.jsp,12ms
http://td.com,Ensighten,https://nexus.ensighten.com/tdb/prod/code/4a78863ff34be414a508ae45a1dc511c.js?conditionId0=334621,75ms
http://td.com,Ensighten,https://nexus.ensighten.com/tdb/prod/code/098a4d850c91a79b1a77897fb505137b.js?conditionId0=423140,82ms
http://td.com,Ensighten,https://nexus.ensighten.com/tdb/prod/code/57cf5aaf467a19fca0abf495508d50b9.js?conditionId0=400774,82ms
http://td.com,Ensighten,https://nexus.ensighten.com/tdb/prod/code/36f541a30fc6c43cf3c6363eebfd56c8.js?conditionId0=330411,103ms
http://td.com,Ensighten,https://nexus.ensighten.com/tdb/prod/code/40fdda4e32848df6106e4a6e1892ea8f.js?conditionId0=381872,104ms
http://mayoclinic.org,Ensighten,http://nexus.ensighten.com/mayo_clinic/clinicprod/Bootstrap.js,6ms
http://mayoclinic.org,Ensighten,http://nexus.ensighten.com/mayo_clinic/clinicprod/serverComponent.php?r=99980548.11730981&ClientID=640&PageID=http%3A%2F%2Fwww.mayoclinic.org%2F,67ms
http://mayoclinic.org,Ensighten,http://nexus.ensighten.com/mayo_clinic/clinicprod/code/755781443ebc25d1ed233fd86bffa3cb.js?conditionId0=483472,4ms
http://mayoclinic.org,Ensighten,http://nexus.ensighten.com/mayo_clinic/clinicprod/code/c62d16e20a1c026f99ad4f821ec1f096.js?conditionId0=373960,4ms
http://mayoclinic.org,Ensighten,http://nexus.ensighten.com/mayo_clinic/clinicprod/code/40678d3e7b74cb9cfabc1dd7180c3544.js?conditionId0=422860,4ms
http://mayoclinic.org,Ensighten,http://nexus.ensighten.com/mayo_clinic/clinicprod/code/4caa46c1e62da105b8d399309c7bb0e0.js?conditionId0=282458,5ms
http://mayoclinic.org,Ensighten,http://nexus.ensighten.com/mayo_clinic/clinicprod/code/1217e7379d74dbb3c5fa9feba27b39f2.js,7ms
http://mayoclinic.org,Ensighten,http://nexus.ensighten.com/mayo_clinic/clinicprod/code/4b845371e9aa10f61a47aa62232bba46.js?conditionId0=422860,8ms
http://mayoclinic.org,Ensighten,http://nexus.ensighten.com/mayo_clinic/clinicprod/code/a4bd7175e7f14170a73e9ba534526c63.js?conditionId0=442751,7ms
http://monster.com,Ensighten,https://nexus.ensighten.com/monster/Bootstrap.js,26ms
http://monster.com,Ensighten,https://nexus.ensighten.com/monster/prod/serverComponent.php?r=94016.44410099834&ClientID=660&PageID=https%3A%2F%2Fwww.monster.com%2Fgeo%2Fsiteselection,45ms
http://monster.com,Ensighten,https://nexus.ensighten.com/monster/prod/code/0795a2c5ff65af9e7183f7db405d3658.js?conditionId0=483956,7ms
http://monster.com,Ensighten,https://nexus.ensighten.com/monster/prod/code/bd863f268c3494ee9de4dda91b7fb57a.js?conditionId0=422896,8ms
http://monster.com,Ensighten,https://nexus.ensighten.com/monster/prod/code/85c64d3835f182a022651c0e4824e63c.js?conditionId0=395406,14ms
http://monster.com,Ensighten,https://nexus.ensighten.com/monster/prod/code/63a9aed23ae3a597fcee5efc550ddd45.js?conditionId0=376703,47ms
http://monster.com,Ensighten,https://nexus.ensighten.com/monster/prod/code/90594b356a057b78f9e39c513c719bee.js?conditionId0=482992,48ms
http://monster.com,GTM,https://www.googletagmanager.com/gtm.js?id=GTM-M3XWLS,230ms
http://gettyimages.com,Ensighten,http://nexus.ensighten.com/getty/Bootstrap.js,166ms
http://gettyimages.com,GTM,https://www.googletagmanager.com/gtm.js?id=GTM-P4WB37,166ms
http://gettyimages.com,Ensighten,http://nexus.ensighten.com/getty/prod/serverComponent.php?r=964.2516812309623&ClientID=225&PageID=http%3A%2F%2Fwww.gettyimages.com%2F,35ms
http://gettyimages.com,Ensighten,http://nexus.ensighten.com/getty/prod/code/0a148f7874b6f5c4ad612b9bf9e1ee84.js?conditionId0=415215,4ms
http://gettyimages.com,Ensighten,http://nexus.ensighten.com/getty/prod/code/ca1cd7a6e9da748e8f4ed5f4b9c3b4bb.js?conditionId0=290482,22ms
http://nature.com,Ensighten,http://nexus.ensighten.com/npg/Bootstrap.js,8ms
http://nature.com,Ensighten,http://nexus.ensighten.com/npg/prod/serverComponent.php?r=64407.329726964235&ClientID=322&PageID=http%3A%2F%2Fwww.nature.com%2F,14ms
http://nature.com,Ensighten,http://nexus.ensighten.com/npg/prod/code/67b5bb1bbfd64f811e99b2a29b8b5bdf.js?conditionId0=359519,4ms
http://nature.com,Ensighten,http://nexus.ensighten.com/npg/prod/code/56278744e1862cc31b1185139bf52721.js?conditionId0=343292,8ms
http://nature.com,Ensighten,http://nexus.ensighten.com/npg/prod/code/bc320705792b0212cebc65e36190101d.js?conditionId0=422952,9ms
http://nature.com,Ensighten,http://nexus.ensighten.com/npg/prod/code/1847f22c6b11127aef8461c2d8aa0d60.js?conditionId0=373722,9ms
http://nature.com,Ensighten,http://nexus.ensighten.com/npg/prod/code/845e63cc4e4705a7fa4d6ce3da766db6.js?conditionId0=345305,9ms
http://nature.com,Ensighten,http://nexus.ensighten.com/npg/prod/code/8dbdd6cb87be87581c2e47a3e8845af5.js?conditionId0=335021,9ms
http://nature.com,Ensighten,http://nexus.ensighten.com/npg/prod/code/db4193efe5be1708708027efbb147908.js?conditionId0=203586,9ms
http://nature.com,Ensighten,http://nexus.ensighten.com/npg/prod/code/abdbda3335173af33b185d2eb58b2cc4.js?conditionId0=488238,10ms
http://nature.com,Ensighten,http://nexus.ensighten.com/npg/prod/code/f164667b052a5ba73bba7f100d275b29.js?conditionId0=203613,12ms
http://evenhotels.com,Ensighten,https://nexus.ensighten.com/ihg/webprod/Bootstrap.js,104ms
http://evenhotels.com,Ensighten,https://nexus.ensighten.com/ihg/webprod/serverComponent.php?r=187993.50899644196&ClientID=795&PageID=https%3A%2F%2Fwww.ihg.com%2Fhotels%2Fgb%2Fen%2Freservation,55ms
http://evenhotels.com,Ensighten,https://nexus.ensighten.com/ihg/webprod/code/850fdc78b829ea9339b70194414953b1.js?conditionId0=308447,227ms
http://evenhotels.com,Ensighten,https://nexus.ensighten.com/ihg/webprod/code/501a489eea7c1a4f93ba5839b84bebac.js?conditionId0=422785,10ms
http://evenhotels.com,Ensighten,https://nexus.ensighten.com/ihg/webprod/code/3345e2f9f625417320ab24bad622277a.js?conditionId0=366584,9ms
http://evenhotels.com,Ensighten,https://nexus.ensighten.com/ihg/webprod/code/2cc9f5ba32a7904af107e80d21f619b2.js?conditionId0=308495,39ms
http://evenhotels.com,Ensighten,https://nexus.ensighten.com/ihg/webprod/code/8f671c0a2d085fda200d1f8aa5bfbc0a.js?conditionId0=335997,40ms
http://evenhotels.com,Ensighten,https://nexus.ensighten.com/ihg/webprod/code/9160ce327d58db54287d126c304ef504.js?conditionId0=335749,70ms
http://evenhotels.com,Ensighten,https://nexus.ensighten.com/ihg/webprod/code/c914ac36e7238585f52e82f471d69889.js?conditionId0=308469,78ms
http://evenhotels.com,Ensighten,https://nexus.ensighten.com/ihg/webprod/code/baad4b329f7caa4c5fefdcce470f98aa.js?conditionId0=345334,114ms
http://evenhotels.com,Ensighten,https://nexus.ensighten.com/ihg/webprod/code/502207dce86b668f8b67a6311f8b9c1e.js?conditionId0=456310,115ms
http://evenhotels.com,Ensighten,https://nexus.ensighten.com/ihg/webprod/code/0b2a41737812b18b78621d67f77437d2.js?conditionId0=384869,116ms
http://evenhotels.com,Ensighten,https://nexus.ensighten.com/ihg/webprod/Bootstrap.js,20ms
http://evenhotels.com,Ensighten,https://nexus.ensighten.com/ihg/webprod/serverComponent.php?r=1509.5949079841375&ClientID=795&PageID=https%3A%2F%2Fwww.ihg.com%2Fhotels%2Fgb%2Fen%2Freservation,206ms
http://evenhotels.com,Ensighten,https://nexus.ensighten.com/ihg/webprod/code/850fdc78b829ea9339b70194414953b1.js?conditionId0=308447,19ms
http://evenhotels.com,Ensighten,https://nexus.ensighten.com/ihg/webprod/code/501a489eea7c1a4f93ba5839b84bebac.js?conditionId0=422785,13ms
http://evenhotels.com,Ensighten,https://nexus.ensighten.com/ihg/webprod/code/3345e2f9f625417320ab24bad622277a.js?conditionId0=366584,14ms
http://evenhotels.com,Ensighten,https://nexus.ensighten.com/ihg/webprod/code/2cc9f5ba32a7904af107e80d21f619b2.js?conditionId0=308495,19ms
http://evenhotels.com,Ensighten,https://nexus.ensighten.com/ihg/webprod/code/8f671c0a2d085fda200d1f8aa5bfbc0a.js?conditionId0=335997,23ms
http://evenhotels.com,Ensighten,https://nexus.ensighten.com/ihg/webprod/code/c914ac36e7238585f52e82f471d69889.js?conditionId0=308469,35ms
http://evenhotels.com,Ensighten,https://nexus.ensighten.com/ihg/webprod/code/baad4b329f7caa4c5fefdcce470f98aa.js?conditionId0=345334,40ms
http://evenhotels.com,Ensighten,https://nexus.ensighten.com/ihg/webprod/code/9160ce327d58db54287d126c304ef504.js?conditionId0=335749,42ms
http://evenhotels.com,Ensighten,https://nexus.ensighten.com/ihg/webprod/code/502207dce86b668f8b67a6311f8b9c1e.js?conditionId0=456310,42ms
http://evenhotels.com,Ensighten,https://nexus.ensighten.com/ihg/webprod/code/0b2a41737812b18b78621d67f77437d2.js?conditionId0=384869,43ms
http://capitalone360.com,Ensighten,https://nexus.ensighten.com/capitalone/Bootstrap.js,61ms
http://capitalone360.com,Ensighten,https://nexus.ensighten.com/capitalone/serverComponent.php?clientID=581&PageID=https%3A%2F%2Fwww.capitalone.com%2Fbank%2F%3Fbc%3Dyes,76ms
http://capitalone360.com,Ensighten,https://nexus.ensighten.com/capitalone/prod/code/63f9f798a7afa0fb46fe529fd51484ef.js?conditionId0=421879,3ms
http://capitalone360.com,Ensighten,https://nexus.ensighten.com/capitalone/prod/code/0ad45c29ab4d527330eb12ba97a62a6e.js?conditionId0=246098&conditionId1=411555,13ms
http://capitalone360.com,Ensighten,https://nexus.ensighten.com/capitalone/prod/code/ef713d11667d8751083e554eee6e15f0.js?conditionId0=409901,18ms
http://capitalone360.com,Ensighten,https://nexus.ensighten.com/capitalone/prod/code/00d5954f6057db2b8dcf573d6eef877f.js?conditionId0=409901,19ms
http://capitalone360.com,Ensighten,https://nexus.ensighten.com/capitalone/prod/code/20c885263c64187a900a53deba78fb10.js?conditionId0=401597,20ms
http://capitalone360.com,Ensighten,https://nexus.ensighten.com/capitalone/prod/code/18ba2fa780d9d0d662114daf1f7f25e6.js?conditionId0=418573,22ms
http://suntrust.com,Ensighten,https://nexus.ensighten.com/suntrust/st/Bootstrap.js,29ms
http://suntrust.com,Ensighten,https://nexus.ensighten.com/suntrust/st/serverComponent.php?r=90605.07765971124&ClientID=1642&PageID=https%3A%2F%2Fwww.suntrust.com%2F,14ms
http://suntrust.com,Ensighten,https://nexus.ensighten.com/suntrust/st/code/c0a732af24f673d712414b54f4b285fd.js?conditionId0=374851,3ms
http://suntrust.com,Ensighten,https://nexus.ensighten.com/suntrust/st/code/0c45272c1037d12ae3b373a78cd11622.js?conditionId0=423122,11ms
http://suntrust.com,Ensighten,https://nexus.ensighten.com/suntrust/st/code/dbd000ec407c8bfa48c864515ddae99c.js?conditionId0=403324,20ms
http://suntrust.com,Ensighten,https://nexus.ensighten.com/suntrust/st/serverComponent.php?r=912852657.2603732&ClientID=1642&PageID=https%3A%2F%2Fwww.suntrust.com%2FStatic%2FhomepageC.html,4ms
http://suntrust.com,Ensighten,https://nexus.ensighten.com/suntrust/st/code/5a0328d20c2dd536331dbcd9e18334dd.js?conditionId0=395875,9ms
http://sony.com,Ensighten,http://nexus.ensighten.com/sonyglobal/Bootstrap.js,8ms
http://sony.com,Ensighten,http://nexus.ensighten.com/sonyglobal/prod/serverComponent.php?r=44081.726809963584&ClientID=263&PageID=http%3A%2F%2Fwww.sony.com%2F,14ms
http://sony.com,Ensighten,http://nexus.ensighten.com/sonyglobal/prod/code/fb50184828b0f59d2b3b40a63826c063.js?conditionId0=425043,3ms
http://sony.com,Ensighten,http://nexus.ensighten.com/sonyglobal/prod/code/f2b86d63224e97f116e53afb0b4ef084.js?conditionId0=372022,4ms
http://sony.com,Ensighten,http://nexus.ensighten.com/sonyglobal/prod/code/5d5e43c6b22397f516fc16a90e55365b.js?conditionId0=381696,4ms
http://sony.com,Ensighten,http://nexus.ensighten.com/sonyglobal/prod/code/ba79efb7e3c99cb778fd8e13d761e8ea.js?conditionId0=423089,6ms
http://sony.com,Ensighten,http://nexus.ensighten.com/sonyglobal/prod/code/27699e18816c5aac53a9513eba69dedb.js?conditionId0=360328,5ms
http://sony.com,Ensighten,http://nexus.ensighten.com/sonyglobal/prod/code/33b9b6fe75b4db822a2cafeb1b4a5c36.js?conditionId0=360345,12ms
http://vrbo.com,Ensighten,https://nexus.ensighten.com/away/production/Bootstrap.js,22ms
http://vrbo.com,Ensighten,https://nexus.ensighten.com/away/production/serverComponent.php?r=888309385.3946775&ClientID=1071&PageID=https%3A%2F%2Fwww.vrbo.com%2F%3FadlPagetype%3Dhome%26adlPagename%3Dhome%20page%26isSelfReferral%3Dfalse,9ms
http://vrbo.com,Ensighten,https://nexus.ensighten.com/away/production/code/ea9eec396910545ee1eeb31745f7cf63.js?conditionId0=394189,3ms
http://vrbo.com,Ensighten,https://nexus.ensighten.com/away/production/code/25cbc680545a8d4b698d02190610800a.js?conditionId0=394292,5ms
http://vrbo.com,Ensighten,https://nexus.ensighten.com/away/production/code/8cf079dc83e3857e6e632101b482adc5.js?conditionId0=421838,6ms
http://vrbo.com,Ensighten,https://nexus.ensighten.com/away/production/code/982a546678bceecb8a3764b0d8bc7d9e.js?conditionId0=419800,11ms
http://vrbo.com,Ensighten,https://nexus.ensighten.com/away/production/code/6a68071bd9e27bcc9037f26966f7fe78.js?conditionId0=400802,15ms
http://vrbo.com,Ensighten,https://nexus.ensighten.com/away/production/code/b0cbb426d421edcc88c13c86f58876c5.js?conditionId0=415919,15ms
http://vrbo.com,Ensighten,https://nexus.ensighten.com/away/production/code/4c497aea58b352350fdd6188aeca512b.js?conditionId0=424082,16ms
http://vrbo.com,Ensighten,https://nexus.ensighten.com/away/production/code/0d1b9f24dcfaf4ba3430fe6e9532832a.js?conditionId0=408385,17ms
http://vrbo.com,Ensighten,https://nexus.ensighten.com/away/production/code/becd84d5331d114c775f475bfd83352b.js?conditionId0=408384,18ms
http://autodesk.com,Ensighten,http://nexus.ensighten.com/adsk/dcom_prod/Bootstrap.js,12ms
http://autodesk.com,Ensighten,http://nexus.ensighten.com/adsk/dcom_prod/serverComponent.php?r=937.1924516744912&ClientID=1023&PageID=http%3A%2F%2Fwww.autodesk.com%2F,54ms
http://autodesk.com,Ensighten,http://nexus.ensighten.com/adsk/dcom_prod/code/169e86943198355013a87eaf1512fa7c.js,7ms
http://autodesk.com,Ensighten,http://nexus.ensighten.com/adsk/dcom_prod/code/9957b6f2186f9a9be1db99f3ebb7882f.js?conditionId0=484462,8ms
http://autodesk.com,Ensighten,http://nexus.ensighten.com/adsk/dcom_prod/code/bf3746a939d2415c5b1f652218f2b5e1.js?conditionId0=462656,9ms
http://autodesk.com,Ensighten,http://nexus.ensighten.com/adsk/dcom_prod/code/4fab2eaac57d114cebf0f3f195f86d00.js?conditionId0=420140,8ms
http://autodesk.com,Ensighten,http://nexus.ensighten.com/adsk/dcom_prod/code/fcb3f9a51de2cab25dcaec432f078bfe.js?conditionId0=409176,9ms
http://autodesk.com,Ensighten,http://nexus.ensighten.com/adsk/dcom_prod/code/bc7f6378db0eca43acbb312f40e90751.js?conditionId0=416707,9ms
http://autodesk.com,Ensighten,http://nexus.ensighten.com/adsk/dcom_prod/code/8b1a7aeae814f2073a2bba0b115c17e1.js?conditionId0=333904,9ms
http://autodesk.com,Ensighten,http://nexus.ensighten.com/adsk/dcom_prod/code/44930ed93a28794f2d0a033be803bb16.js?conditionId0=427192,9ms
http://autodesk.com,Ensighten,http://nexus.ensighten.com/adsk/dcom_prod/code/9e41dcd3d63abffb4cce87a3189be5c9.js?conditionId0=462234,10ms
http://autodesk.com,Ensighten,http://nexus.ensighten.com/adsk/dcom_prod/code/2313f8685fc3c56f9f78d3f9e742f773.js?conditionId0=333945,10ms
http://autodesk.com,Ensighten,http://nexus.ensighten.com/adsk/dcom_prod/code/ba632f27e8af57f0f25b195072a2388c.js?conditionId0=473580,10ms
http://autodesk.com,Ensighten,http://nexus.ensighten.com/adsk/dcom_prod/code/f7bd28c26ba3504764dba9a57debf50a.js?conditionId0=425019,35ms
http://autodesk.com,Ensighten,http://nexus.ensighten.com/adsk/dcom_prod/code/991dbd17b6947894626f9585cecb02e0.js?conditionId0=464740,36ms
http://autodesk.com,Ensighten,http://nexus.ensighten.com/adsk/dcom_prod/code/a7f797f9999e9e5e34019d4327d9c2ed.js?conditionId0=333904,36ms
http://autodesk.com,Ensighten,http://nexus.ensighten.com/adsk/dcom_prod/code/d8718e8a28d3039ac3114bf1dcdb7c62.js?conditionId0=462662,37ms
http://autodesk.com,Ensighten,http://nexus.ensighten.com/adsk/dcom_prod/code/c36dcfbb64895248f6cdd913935b4314.js?conditionId0=366231,38ms
http://autodesk.com,Ensighten,http://nexus.ensighten.com/adsk/dcom_prod/code/fc4b5f8c532af3322c638735a82f6023.js?conditionId0=421786,40ms
http://autodesk.com,Ensighten,http://nexus.ensighten.com/adsk/dcom_prod/code/f212ddcb5d06769586c52c3753d443d8.js?conditionId0=421786,87ms
